{
  "crypto": {
    "cipher": "aes-128-ctr",
    "cipherparams": {
      "iv": "606924a33dbe1d2b753304f9285f9ffe"
    },
    "ciphertext": "fd3a0f09648dbfe9cc7d862dcde3fcace2e7820e2418a1e497c8655639087405",
    "kdf": "scrypt",
    "kdfparams": {
      "dklen": 32,
      "n": 65536,
      "p": 1,
      "r": 8,
      "salt": "4cbe7b36206187eaa904ec93e45c35b2dde2df7d8961786da58eb8fd94494ee9"
    },
    "mac": "359c0c63037070cf6273ca13324fdd8847d9a05c16c24d23ddad9f55ca87a4d5"
  },
  "id": "14e06cbb-55d0-4283-83fa-b7b0ef736cf3",
  "version": 3,
  "account": "guoyuhang12"
}